metric,value
overall_best_f1,"{'threshold': 0.0517382283287548, 'precision': 0.2992125984251969, 'recall': 0.25249169435215946, 'f1': 0.27387387387387385}"
structuring_tag_metrics,"{'precision': 0.003534817956875221, 'recall': 0.3448275862068966, 'f1': 0.006997900629811057}"
circular_tag_metrics,"{'precision': 0.008338892595063376, 'recall': 0.2358490566037736, 'f1': 0.016108247422680414}"
layering_tag_metrics,"{'precision': 0.02828379674017258, 'recall': 0.6900584795321637, 'f1': 0.0543403177527055}"
precision_at_k,"{'precision@50': np.float64(0.2), 'precision@100': np.float64(0.37), 'precision@200': np.float64(0.325)}"
