feature,importance
structuring_score,1.3144077922271495
circular_score,0.07787840225087729
layering_score,0.9236274507529076
